title,isbn,publish_date,publisher_copyright,category,series,source_row
ACTS 평가·인증·기록관리 시스템,979-11-24175-74-3,2026-08-14,(사)국제경찰무도연합회,ACTS·선교,ACTS Mission Series,5
ACTS 선교철학과 신앙정신,979-11-24175-61-3,2026-08-14,(사)국제경찰무도연합회,ACTS·선교,ACTS Mission Series,6
ACTS 재정·후원·투명경영 지침서,979-11-24175-73-6,2026-08-13,(사)국제경찰무도연합회,ACTS·선교,ACTS Mission Series,7
ACTS 윤리·안전·위기관리 지침서,979-11-24175-72-9,2026-08-13,(사)국제경찰무도연합회,ACTS·선교,ACTS Mission Series,8
ACTS 문화와 국제교류를 통한 선교,979-11-24175-71-2,2026-08-13,(사)국제경찰무도연합회,ACTS·선교,ACTS Mission Series,9
ACTS 다음 세대를 위한 ACTS,979-11-24175-70-5,2026-08-13,(사)국제경찰무도연합회,ACTS·선교,ACTS Mission Series,10
ACTS 디지털·온라인 선교교육,979-11-24175-69-9,2026-08-13,(사)국제경찰무도연합회,ACTS·선교,ACTS Mission Series,11
ACTS 교육이 선교가 되다,979-11-24175-68-2,2026-08-13,(사)국제경찰무도연합회,ACTS·선교,ACTS Mission Series,12
ACTS 스포츠와 무도가 선교가 되다,979-11-24175-67-5,2026-08-13,(사)국제경찰무도연합회,ACTS·선교,ACTS Mission Series,13
ACTS 재능이 선교가 되다,979-11-24175-66-8,2026-08-13,(사)국제경찰무도연합회,ACTS·선교,ACTS Mission Series,14
ACTS 사람을 세우는 선교,979-11-24175-65-1,2026-08-13,(사)국제경찰무도연합회,ACTS·선교,ACTS Mission Series,15
선교사·지도자 훈련교범,979-11-24175-64-4,2026-08-13,(사)국제경찰무도연합회,ACTS·선교,ACTS Mission Series,16
ACTS 국제선교 운영 매뉴얼,979-11-24175-63-7,2026-08-13,(사)국제경찰무도연합회,ACTS·선교,ACTS Mission Series,17
ACTS 정관·조직·행정 운영지침,979-11-24175-62-0,2026-08-13,(사)국제경찰무도연합회,ACTS·선교,ACTS Mission Series,18
ACTS MISSION ALLIANCE,979-11-24175-60-6,2026-08-13,(사)국제경찰무도연합회,ACTS·선교,ACTS Mission Series,19
DOUBLE CROSS,979-11-24175-59-0,2026-01-30,(사)국제경찰무도연합회,철학·에세이·기타,Knowledge & Humanities Series,20
특공무술 관장의 삶,979-11-24175-58-3,2026-01-19,(사)국제경찰무도연합회,경찰무도·무도교육,Police Martial Arts & Martial Education Series,21
무도인의 근기,979-11-24175-57-6,2025-12-30,(사)국제경찰무도연합회,경찰무도·무도교육,Police Martial Arts & Martial Education Series,22
"사람을 남기다, 문화를 잇다",979-11-24175-56-9,2025-12-30,(사)국제경찰무도연합회,철학·에세이·기타,Knowledge & Humanities Series,23
나는 아직도 걷고 있다,979-11-24175-55-2,2025-12-17,(사)국제경찰무도연합회,철학·에세이·기타,Knowledge & Humanities Series,24
경찰무도의 본질과 미래,979-11-24175-54-5,2025-12-05,(사)국제경찰무도연합회,경찰무도·무도교육,Police Martial Arts & Martial Education Series,25
위원회 구성 및 운영 전략 과정 교재,979-11-24175-53-8,2025-12-01,(사)국제경찰무도연합회,조직운영·교육경영,Organization & Education Management Series,26
운영 평가 & 개선 전략 과정,979-11-24175-52-1,2025-12-01,(사)국제경찰무도연합회,조직운영·교육경영,Organization & Education Management Series,27
안전·복지 정책 연계 과정,979-11-24175-51-4,2025-12-01,(사)국제경찰무도연합회,조직운영·교육경영,Organization & Education Management Series,28
사무총국 운영 실무 과정,979-11-24175-50-7,2025-12-01,(사)국제경찰무도연합회,조직운영·교육경영,Organization & Education Management Series,29
블록체인 인증 실무 전문가 과정,979-11-24175-49-1,2025-12-01,(사)국제경찰무도연합회,인증·자격·품질,Certification & Quality Series,30
디지털 자격증 발급 관리 과정,979-11-24175-48-4,2025-12-01,(사)국제경찰무도연합회,인증·자격·품질,Certification & Quality Series,31
도장(교육센터) 컨설팅 과정,979-11-24175-47-7,2025-12-01,(사)국제경찰무도연합회,조직운영·교육경영,Organization & Education Management Series,32
"대외협력(정부,기관) 과정",979-11-24175-46-0,2025-12-01,(사)국제경찰무도연합회,조직운영·교육경영,Organization & Education Management Series,33
다문화·환경·청소년 협력 리더 과정,979-11-24175-45-3,2025-12-01,(사)국제경찰무도연합회,글로벌리더십·다문화·공익,Global Leadership & Public Value Series,34
기획·예산관리 Specialist 과정 교재,979-11-24175-44-6,2025-12-01,(사)국제경찰무도연합회,조직운영·교육경영,Organization & Education Management Series,35
글로벌 자격관리 행정사 과정,979-11-24175-43-9,2025-12-01,(사)국제경찰무도연합회,인증·자격·품질,Certification & Quality Series,36
글로벌 인재 선발 시스템 과정,979-11-24175-42-2,2025-12-01,(사)국제경찰무도연합회,글로벌리더십·다문화·공익,Global Leadership & Public Value Series,37
글로벌 브랜드 전략 과정,979-11-24175-41-5,2025-12-01,(사)국제경찰무도연합회,글로벌리더십·다문화·공익,Global Leadership & Public Value Series,38
글로벌 네트워크 구축 과정,979-11-24175-40-8,2025-12-01,(사)국제경찰무도연합회,글로벌리더십·다문화·공익,Global Leadership & Public Value Series,39
규정·정관·시행세칙 제정 과정,979-11-24175-39-2,2025-12-01,(사)국제경찰무도연합회,조직운영·교육경영,Organization & Education Management Series,40
국제회의 운영 과정,979-11-24175-38-5,2025-12-01,(사)국제경찰무도연합회,글로벌리더십·다문화·공익,Global Leadership & Public Value Series,41
국제조직 리더십 마스터 과정,979-11-24175-37-8,2025-12-01,(사)국제경찰무도연합회,글로벌리더십·다문화·공익,Global Leadership & Public Value Series,42
국제정책 & 제도 이해 과정 교재,979-11-24175-36-1,2025-12-01,(사)국제경찰무도연합회,조직운영·교육경영,Organization & Education Management Series,43
국제 홍보 & 보도자료 작성 과정,979-11-24175-35-4,2025-12-01,(사)국제경찰무도연합회,미디어·저널리즘,Global News24 Media Series,44
국제 행사 운영 전문가 과정,979-11-24175-34-7,2025-12-01,(사)국제경찰무도연합회,글로벌리더십·다문화·공익,Global Leadership & Public Value Series,45
국제 평가위원 자격 과정,979-11-24175-33-0,2025-12-01,(사)국제경찰무도연합회,인증·자격·품질,Certification & Quality Series,46
국제 자원봉사 코디네이터 과정,979-11-24175-32-3,2025-12-01,(사)국제경찰무도연합회,글로벌리더십·다문화·공익,Global Leadership & Public Value Series,47
국제 자격증 진위확인 시스템 과정,979-11-24175-31-6,2025-12-01,(사)국제경찰무도연합회,인증·자격·품질,Certification & Quality Series,48
국제 윤리지도자 과정,979-11-24175-30-9,2025-12-01,(사)국제경찰무도연합회,철학·에세이·기타,Knowledge & Humanities Series,49
국제 심사위원 자격 과정,979-11-24175-29-3,2025-12-01,(사)국제경찰무도연합회,인증·자격·품질,Certification & Quality Series,50
국제 교육운영 매니저 과정 교재,979-11-24175-28-6,2025-12-01,(사)국제경찰무도연합회,조직운영·교육경영,Organization & Education Management Series,51
국제 공익 프로젝트 운영 과정,979-11-24175-27-9,2025-12-01,(사)국제경찰무도연합회,글로벌리더십·다문화·공익,Global Leadership & Public Value Series,52
국제 공문서 발급관리 실무 과정 교재,979-11-24175-26-2,2025-12-01,(사)국제경찰무도연합회,철학·에세이·기타,Knowledge & Humanities Series,53
교육기관 인증 심사 과정,979-11-24175-25-5,2025-12-01,(사)국제경찰무도연합회,인증·자격·품질,Certification & Quality Series,54
교육 품질관리(QA) 과정,979-11-24175-24-8,2025-12-01,(사)국제경찰무도연합회,인증·자격·품질,Certification & Quality Series,55
과정 기획 & 커리큘럼 디자인 과정,979-11-24175-23-1,2025-12-01,(사)국제경찰무도연합회,조직운영·교육경영,Organization & Education Management Series,56
공익 캠페인 기획 과정,979-11-24175-22-4,2025-12-01,(사)국제경찰무도연합회,조직운영·교육경영,Organization & Education Management Series,57
개인정보보호 & 인증보안 과정,979-11-24175-21-7,2025-12-01,(사)국제경찰무도연합회,인증·자격·품질,Certification & Quality Series,58
ICA 프리미엄 심사위원 인증 과정,979-11-24175-20-0,2025-12-01,(사)국제경찰무도연합회,인증·자격·품질,Certification & Quality Series,59
ICA 엘리트 지도자 등급 과정,979-11-24175-19-4,2025-12-01,(사)국제경찰무도연합회,인증·자격·품질,Certification & Quality Series,60
ICA 스타등급 평가 & 인증 과정,979-11-24175-18-7,2025-12-01,(사)국제경찰무도연합회,인증·자격·품질,Certification & Quality Series,61
ICA 블록체인 품질관리 과정,979-11-24175-17-0,2025-12-01,(사)국제경찰무도연합회,인증·자격·품질,Certification & Quality Series,62
ICA 국제 마스터 인증 과정,979-11-24175-16-3,2025-12-01,(사)국제경찰무도연합회,인증·자격·품질,Certification & Quality Series,63
ICA Special Honor(명예 인증) 과정,979-11-24175-15-6,2025-12-01,(사)국제경찰무도연합회,인증·자격·품질,Certification & Quality Series,64
인터뷰 & 영상 리포터 과정,979-11-24175-14-9,2025-12-01,(사)국제경찰무도연합회,미디어·저널리즘,Global News24 Media Series,65
언론 윤리 & 미디어 법 과정,979-11-24175-13-2,2025-12-01,(사)국제경찰무도연합회,미디어·저널리즘,Global News24 Media Series,66
미디어 리더십 & 데스크 과정 교재,979-11-24175-12-5,2025-12-01,(사)국제경찰무도연합회,미디어·저널리즘,Global News24 Media Series,67
기사 작성 및 편집 과정,979-11-24175-11-8,2025-12-01,(사)국제경찰무도연합회,미디어·저널리즘,Global News24 Media Series,68
글로벌 취재 리포팅 과정 교재,979-11-24175-10-1,2025-12-01,(사)국제경찰무도연합회,미디어·저널리즘,Global News24 Media Series,69
국제 디지털 저널리즘 과정,979-11-24175-09-5,2025-12-01,(사)국제경찰무도연합회,미디어·저널리즘,Global News24 Media Series,70
Global News24 기자 인증 과정,979-11-24175-08-8,2025-12-01,(사)국제경찰무도연합회,미디어·저널리즘,Global News24 Media Series,71
국가경찰무도의 철학과 비전,979-11-24175-07-1,2025-11-20,(사)국제경찰무도연합회,경찰무도·무도교육,Police Martial Arts & Martial Education Series,72
지속가능발전마스터,979-11-24175-06-4,2025-11-20,(사)국제경찰무도연합회,글로벌리더십·다문화·공익,Global Leadership & Public Value Series,73
에코에너지마스터,979-11-24175-05-7,2025-11-20,(사)국제경찰무도연합회,글로벌리더십·다문화·공익,Global Leadership & Public Value Series,74
스마트다문화교육마스터,979-11-24175-04-0,2025-11-20,(사)국제경찰무도연합회,글로벌리더십·다문화·공익,Global Leadership & Public Value Series,75
세계시민리더마스터,979-11-24175-03-3,2025-11-20,(사)국제경찰무도연합회,글로벌리더십·다문화·공익,Global Leadership & Public Value Series,76
글로벌커뮤니케이션마스터,979-11-24175-02-6,2025-11-20,(사)국제경찰무도연합회,글로벌리더십·다문화·공익,Global Leadership & Public Value Series,77
국제다문화리더마스터,979-11-24175-00-2,2025-11-20,(사)국제경찰무도연합회,글로벌리더십·다문화·공익,Global Leadership & Public Value Series,78
글로벌리더십마스터,979-11-24175-01-9,2025-11-20,(사)국제경찰무도연합회,글로벌리더십·다문화·공익,Global Leadership & Public Value Series,79
AI 순찰·정찰 전술,979-11-94927-35-8,2025-11-17,(사)국제경찰무도연합회,드론·AI·안전,Drone & AI Safety Series,80
기후행동리더마스터,979-11-94927-99-0,2025-11-14,(사)국제경찰무도연합회,글로벌리더십·다문화·공익,Global Leadership & Public Value Series,81
글로벌에코리더마스터,979-11-94927-98-3,2025-11-14,(사)국제경찰무도연합회,글로벌리더십·다문화·공익,Global Leadership & Public Value Series,82
그린안전환경마스터,979-11-94927-97-6,2025-11-14,(사)국제경찰무도연합회,글로벌리더십·다문화·공익,Global Leadership & Public Value Series,83
드론항공관제사 1급,979-11-94927-96-9,2025-11-14,(사)국제경찰무도연합회,드론·AI·안전,Drone & AI Safety Series,84
무도와 품격(品格)의 길,979-11-94927-90-7,2025-11-13,(사)국제경찰무도연합회,경찰무도·무도교육,Police Martial Arts & Martial Education Series,85
야간비행 지도자 1급,979-11-94927-95-2,2025-11-13,(사)국제경찰무도연합회,드론·AI·안전,Drone & AI Safety Series,86
가시권 비행 지도자 2급,979-11-94927-92-1,2025-11-13,(사)국제경찰무도연합회,드론·AI·안전,Drone & AI Safety Series,87
가시권 비행 지도자 1급,979-11-94927-93-8,2025-11-13,(사)국제경찰무도연합회,드론·AI·안전,Drone & AI Safety Series,88
야간비행 지도자 2급,979-11-94927-94-5,2025-11-13,(사)국제경찰무도연합회,드론·AI·안전,Drone & AI Safety Series,89
AI시대의 검(劍)과 무술의 진화,979-11-94927-91-4,2025-11-12,(사)국제경찰무도연합회,경찰무도·무도교육,Police Martial Arts & Martial Education Series,90
무술 지도자의 사회적 책임과 봉사,979-11-94927-89-1,2025-05-23,(사)국제경찰무도연합회,경찰무도·무도교육,Police Martial Arts & Martial Education Series,91
무술 지도자를 위한 다문화 교육과 리더십,979-11-94927-88-4,2025-05-23,(사)국제경찰무도연합회,경찰무도·무도교육,Police Martial Arts & Martial Education Series,92
무술을 통한 청소년의 위기 대응 훈련,979-11-94927-87-7,2025-05-23,(사)국제경찰무도연합회,경찰무도·무도교육,Police Martial Arts & Martial Education Series,93
무술도장의 자원봉사 및 사회 공헌 활동,979-11-94927-86-0,2025-05-23,(사)국제경찰무도연합회,경찰무도·무도교육,Police Martial Arts & Martial Education Series,94
다문화 사회에서의 무술 교육 접근법,979-11-94927-85-3,2025-05-23,(사)국제경찰무도연합회,경찰무도·무도교육,Police Martial Arts & Martial Education Series,95
국제 무술 세미나와 교류 프로그램,979-11-94927-84-6,2025-05-23,(사)국제경찰무도연합회,경찰무도·무도교육,Police Martial Arts & Martial Education Series,96
무술을 통한 청소년 리더십 개발,979-11-94927-83-9,2025-05-23,(사)국제경찰무도연합회,경찰무도·무도교육,Police Martial Arts & Martial Education Series,97
경호와 무술 훈련,979-11-94927-82-2,2025-05-23,(사)국제경찰무도연합회,청소년경호·안전,Youth Protection & Security Series,98
무술을 통한 다문화 가정 지원 프로그램,979-11-94927-81-5,2025-05-23,(사)국제경찰무도연합회,경찰무도·무도교육,Police Martial Arts & Martial Education Series,99
국제 무술 단체의 역할과 중요성,979-11-94927-80-8,2025-05-23,(사)국제경찰무도연합회,경찰무도·무도교육,Police Martial Arts & Martial Education Series,100
국제 무술 연대 및 글로벌 확장 전략,979-11-94927-79-2,2025-05-23,(사)국제경찰무도연합회,경찰무도·무도교육,Police Martial Arts & Martial Education Series,101
무술도장에서의 경호활동 전략,979-11-94927-78-5,2025-05-23,(사)국제경찰무도연합회,청소년경호·안전,Youth Protection & Security Series,102
글로벌 시민의 첫걸음,979-11-94927-48-8,2025-05-22,(사)국제경찰무도연합회,글로벌리더십·다문화·공익,Global Leadership & Public Value Series,103
청소년경호대의 심화 실전 대응 매뉴얼,979-11-94927-77-8,2025-05-22,(사)국제경찰무도연합회,청소년경호·안전,Youth Protection & Security Series,104
청소년경호대의 전략적 경호 기법,979-11-94927-76-1,2025-05-22,(사)국제경찰무도연합회,청소년경호·안전,Youth Protection & Security Series,105
청소년경호대의 위기 대응 훈련,979-11-94927-75-4,2025-05-22,(사)국제경찰무도연합회,청소년경호·안전,Youth Protection & Security Series,106
청소년경호대의 위기 대응 전략,979-11-94927-74-7,2025-05-22,(사)국제경찰무도연합회,청소년경호·안전,Youth Protection & Security Series,107
청소년경호대의 위기 대응 시스템,979-11-94927-73-0,2025-05-22,(사)국제경찰무도연합회,청소년경호·안전,Youth Protection & Security Series,108
청소년경호대의 위기 관리 및 대응,979-11-94927-72-3,2025-05-22,(사)국제경찰무도연합회,청소년경호·안전,Youth Protection & Security Series,109
청소년경호대의 법적 책임과 윤리적 의무,979-11-94927-71-6,2025-05-22,(사)국제경찰무도연합회,청소년경호·안전,Youth Protection & Security Series,110
청소년경호대의 법적 및 윤리적 책임,979-11-94927-70-9,2025-05-22,(사)국제경찰무도연합회,청소년경호·안전,Youth Protection & Security Series,111
청소년경호대의 리더십과 팀워크,979-11-94927-69-3,2025-05-22,(사)국제경찰무도연합회,청소년경호·안전,Youth Protection & Security Series,112
청소년경호대의 리더십 훈련,979-11-94927-68-6,2025-05-22,(사)국제경찰무도연합회,청소년경호·안전,Youth Protection & Security Series,113
청소년경호대의 글로벌 훈련 프로그램,979-11-94927-67-9,2025-05-22,(사)국제경찰무도연합회,청소년경호·안전,Youth Protection & Security Series,114
청소년경호대의 글로벌 리더십 개발,979-11-94927-66-2,2025-05-22,(사)국제경찰무도연합회,청소년경호·안전,Youth Protection & Security Series,115
청소년경호대의 국제적 협력과 네트워크 구축,979-11-94927-65-5,2025-05-22,(사)국제경찰무도연합회,청소년경호·안전,Youth Protection & Security Series,116
청소년경호대의 국제 협력과 리더십,979-11-94927-64-8,2025-05-22,(사)국제경찰무도연합회,청소년경호·안전,Youth Protection & Security Series,117
청소년경호대의 경호 전략,979-11-94927-63-1,2025-05-22,(사)국제경찰무도연합회,청소년경호·안전,Youth Protection & Security Series,118
청소년경호대 호신술 교본,979-11-94927-62-4,2025-05-22,(사)국제경찰무도연합회,청소년경호·안전,Youth Protection & Security Series,119
청소년경호대 기초 교본,979-11-94927-61-7,2025-05-22,(사)국제경찰무도연합회,청소년경호·안전,Youth Protection & Security Series,120
국제다문화연맹 공식 교본 제2권,979-11-94927-50-1,2025-05-22,(사)국제경찰무도연합회,글로벌리더십·다문화·공익,Global Leadership & Public Value Series,121
국제다문화연맹 공식 교본 제3권,979-11-94927-51-8,2025-05-22,(사)국제경찰무도연합회,글로벌리더십·다문화·공익,Global Leadership & Public Value Series,122
국제다문화연맹 공식 교본 제4권,979-11-94927-52-5,2025-05-22,(사)국제경찰무도연합회,글로벌리더십·다문화·공익,Global Leadership & Public Value Series,123
국제다문화연맹 공식 교본 제5권,979-11-94927-53-2,2025-05-22,(사)국제경찰무도연합회,글로벌리더십·다문화·공익,Global Leadership & Public Value Series,124
국제다문화연맹 공식 교본 제6권,979-11-94927-54-9,2025-05-22,(사)국제경찰무도연합회,글로벌리더십·다문화·공익,Global Leadership & Public Value Series,125
국제다문화연맹 공식 교본 제7권,979-11-94927-55-6,2025-05-22,(사)국제경찰무도연합회,글로벌리더십·다문화·공익,Global Leadership & Public Value Series,126
국제다문화연맹 공식 교본 제8권,979-11-94927-56-3,2025-05-22,(사)국제경찰무도연합회,글로벌리더십·다문화·공익,Global Leadership & Public Value Series,127
국제다문화연맹 공식 교본 제9권,979-11-94927-57-0,2025-05-22,(사)국제경찰무도연합회,글로벌리더십·다문화·공익,Global Leadership & Public Value Series,128
국제다문화연맹 공식 교본 제10권,979-11-94927-58-7,2025-05-22,(사)국제경찰무도연합회,글로벌리더십·다문화·공익,Global Leadership & Public Value Series,129
국제다문화연맹 공식 교본 제12권,979-11-94927-60-0,2025-05-22,(사)국제경찰무도연합회,글로벌리더십·다문화·공익,Global Leadership & Public Value Series,130
국제다문화연맹 공식 교본 제11권,979-11-94927-59-4,2025-05-21,(사)국제경찰무도연합회,글로벌리더십·다문화·공익,Global Leadership & Public Value Series,131
국제다문화연맹 공식 교본 제1권,979-11-94927-49-5,2025-05-21,(사)국제경찰무도연합회,글로벌리더십·다문화·공익,Global Leadership & Public Value Series,132
WSFA 조직 운영과 비전 전략 백서,979-11-94927-47-1,2025-05-19,(사)국제경찰무도연합회,조직운영·교육경영,Organization & Education Management Series,133
글로벌 경찰무도 지도자 양성 교본,979-11-94927-46-4,2025-05-19,(사)국제경찰무도연합회,경찰무도·무도교육,Police Martial Arts & Martial Education Series,134
청소년 AI 보안 리더십 교본,979-11-94927-45-7,2025-05-19,(사)국제경찰무도연합회,AI·미래전략,AI & Future Strategy Series,135
드론·AI 기반 스마트 순찰 전략 교본,979-11-94927-44-0,2025-05-19,(사)국제경찰무도연합회,드론·AI·안전,Drone & AI Safety Series,136
스마트도시와 안전 전략,979-11-94927-43-3,2025-05-19,(사)국제경찰무도연합회,AI·미래전략,AI & Future Strategy Series,137
스마트 호신술과 위기관리,979-11-94927-42-6,2025-05-19,(사)국제경찰무도연합회,경찰무도·무도교육,Police Martial Arts & Martial Education Series,138
세계안전미래재단 전략백서,979-11-94927-41-9,2025-05-19,(사)국제경찰무도연합회,철학·에세이·기타,Knowledge & Humanities Series,139
드론전술과 실전 응용,979-11-94927-40-2,2025-05-19,(사)국제경찰무도연합회,드론·AI·안전,Drone & AI Safety Series,140
뉴스24 매뉴얼,979-11-94927-39-6,2025-05-19,(사)국제경찰무도연합회,미디어·저널리즘,Global News24 Media Series,141
뉴스24 기자단 지도자 교본,979-11-94927-38-9,2025-05-19,(사)국제경찰무도연합회,미디어·저널리즘,Global News24 Media Series,142
TACTICAL SIM 훈련 교본,979-11-94927-37-2,2025-05-19,(사)국제경찰무도연합회,경찰무도·무도교육,Police Martial Arts & Martial Education Series,143
AI 전술정보융합 개론,979-11-94927-36-5,2025-05-19,(사)국제경찰무도연합회,AI·미래전략,AI & Future Strategy Series,144
AI 미래 전술 연구 보고서,979-11-94927-34-1,2025-05-19,(사)국제경찰무도연합회,AI·미래전략,AI & Future Strategy Series,145
AI 기반 무도 훈련 시스템,979-11-94927-33-4,2025-05-19,(사)국제경찰무도연합회,경찰무도·무도교육,Police Martial Arts & Martial Education Series,146
경찰무도 AI 융합훈련법,979-11-94927-32-7,2025-05-19,(사)국제경찰무도연합회,경찰무도·무도교육,Police Martial Arts & Martial Education Series,147
UMBS 실전 호신술,979-11-94927-31-0,2025-05-16,(사)국제경찰무도연합회,경찰무도·무도교육,Police Martial Arts & Martial Education Series,148
AI전술정보융합센터(ATIC) 지침서,979-11-94927-30-3,2025-05-15,(사)국제경찰무도연합회,AI·미래전략,AI & Future Strategy Series,149
경찰무도지도법,979-11-94927-29-7,2025-05-08,(사)국제경찰무도연합회,경찰무도·무도교육,Police Martial Arts & Martial Education Series,150
무도와 예(禮)의 길,979-11-94927-24-2,2025-05-08,(사)국제경찰무도연합회,경찰무도·무도교육,Police Martial Arts & Martial Education Series,151
태권검도 지도법,979-11-94927-28-0,2025-05-07,(사)국제경찰무도연합회,태권검도,Taekwonkumdo Series,152
유아태권도지도법,979-11-94927-27-3,2025-05-07,(사)국제경찰무도연합회,철학·에세이·기타,Knowledge & Humanities Series,153
태권호신술교본,979-11-94927-26-6,2025-05-07,(사)국제경찰무도연합회,경찰무도·무도교육,Police Martial Arts & Martial Education Series,154
국제청소년경호단교본,979-11-94927-25-9,2025-05-07,(사)국제경찰무도연합회,청소년경호·안전,Youth Protection & Security Series,155
무도와 정신의 힘,979-11-94927-23-5,2025-05-07,(사)국제경찰무도연합회,경찰무도·무도교육,Police Martial Arts & Martial Education Series,156
"안전한 미래, 따뜻한 소식",979-11-94927-22-8,2025-05-07,(사)국제경찰무도연합회,철학·에세이·기타,Knowledge & Humanities Series,157
"다름을 넘어 함께, 스마트 안전 교본",979-11-94927-21-1,2025-05-07,(사)국제경찰무도연합회,철학·에세이·기타,Knowledge & Humanities Series,158
드론의 재난 대응 교본,979-11-94927-20-4,2025-05-07,(사)국제경찰무도연합회,드론·AI·안전,Drone & AI Safety Series,159
여성을 위한 AI 스마트 호신술,979-11-94927-19-8,2025-05-07,(사)국제경찰무도연합회,경찰무도·무도교육,Police Martial Arts & Martial Education Series,160
하늘을 나는 은빛 리더십,979-11-94927-18-1,2025-05-07,(사)국제경찰무도연합회,철학·에세이·기타,Knowledge & Humanities Series,161
청소년 드론 AI 리더십 교본,979-11-94927-17-4,2025-05-07,(사)국제경찰무도연합회,드론·AI·안전,Drone & AI Safety Series,162
국제드론순찰대 전술지침서,979-11-94927-16-7,2025-05-07,(사)국제경찰무도연합회,드론·AI·안전,Drone & AI Safety Series,163
드론과 공공안전의 미래,979-11-94927-06-8,2025-05-02,(사)국제경찰무도연합회,드론·AI·안전,Drone & AI Safety Series,164
드론순찰 시스템의 이해와 활용,979-11-94927-07-5,2025-05-02,(사)국제경찰무도연합회,드론·AI·안전,Drone & AI Safety Series,165
"마루의 검, 바람을 가르다",979-11-94927-08-2,2025-05-02,(사)국제경찰무도연합회,철학·에세이·기타,Knowledge & Humanities Series,166
우리가 함께 한다는 것의 무게,979-11-94927-09-9,2025-05-02,(사)국제경찰무도연합회,철학·에세이·기타,Knowledge & Humanities Series,167
"지키는 도장, 살아있는 무도!",979-11-94927-10-5,2025-05-02,(사)국제경찰무도연합회,경찰무도·무도교육,Police Martial Arts & Martial Education Series,168
태권검도 교본,979-11-94927-11-2,2025-05-02,(사)국제경찰무도연합회,태권검도,Taekwonkumdo Series,169
태권검도의 활용법,979-11-94927-12-9,2025-05-02,(사)국제경찰무도연합회,태권검도,Taekwonkumdo Series,170
경찰호신술 실전 교본,979-11-94927-14-3,2025-05-02,(사)국제경찰무도연합회,경찰무도·무도교육,Police Martial Arts & Martial Education Series,171
"그럼에도 불구하고, 나는 사람을 믿는다",979-11-94927-15-0,2025-05-02,(사)국제경찰무도연합회,철학·에세이·기타,Knowledge & Humanities Series,172
하늘의 전술가: AI·드론 융합실전교본,979-11-94927-13-6,2025-05-02,(사)국제경찰무도연합회,드론·AI·안전,Drone & AI Safety Series,173
공공을 위한 전술무도 실전호신술 교본,979-11-94927-05-1,2025-05-02,(사)국제경찰무도연합회,경찰무도·무도교육,Police Martial Arts & Martial Education Series,174
경호전술드론 교본,979-11-94927-04-4,2025-05-02,(사)국제경찰무도연합회,드론·AI·안전,Drone & AI Safety Series,175
경찰무도 철학과 실천,979-11-94927-03-7,2025-05-02,(사)국제경찰무도연합회,경찰무도·무도교육,Police Martial Arts & Martial Education Series,176
경찰무도의 본질,979-11-94927-02-0,2025-05-02,(사)국제경찰무도연합회,경찰무도·무도교육,Police Martial Arts & Martial Education Series,177
경찰무도 교본,979-11-94927-01-3,2025-05-02,(사)국제경찰무도연합회,경찰무도·무도교육,Police Martial Arts & Martial Education Series,178
AI 전술무도,979-11-94927-00-6,2025-05-02,(사)국제경찰무도연합회,경찰무도·무도교육,Police Martial Arts & Martial Education Series,179
손끝에서 피어나는 희망,979-11-992502-8-4,2025-04-30,(사)국제경찰무도연합회,철학·에세이·기타,Knowledge & Humanities Series,180
산림보전 드론운용지도사 교본,979-11-992502-9-1,2025-04-30,(사)국제경찰무도연합회,드론·AI·안전,Drone & AI Safety Series,181
스마트농업 드론방제사 교본,979-11-992502-2-2,2025-04-28,(사)국제경찰무도연합회,드론·AI·안전,Drone & AI Safety Series,182
항공영상 크리에이터 1급 교본,979-11-992502-3-9,2025-04-28,(사)국제경찰무도연합회,드론·AI·안전,Drone & AI Safety Series,183
드론순찰 운영관리사 교본,979-11-992502-4-6,2025-04-28,(사)국제경찰무도연합회,드론·AI·안전,Drone & AI Safety Series,184
산업현장 드론코디네이터 교본,979-11-992502-5-3,2025-04-28,(사)국제경찰무도연합회,드론·AI·안전,Drone & AI Safety Series,185
드론기초조종자 교본,979-11-992502-0-8,2025-04-28,(사)국제경찰무도연합회,드론·AI·안전,Drone & AI Safety Series,186
생활안전 드론코치 교본,979-11-992502-7-7,2025-04-28,(사)국제경찰무도연합회,드론·AI·안전,Drone & AI Safety Series,187
국제드론연맹 인증강사 교본,979-11-992502-6-0,2025-04-28,(사)국제경찰무도연합회,드론·AI·안전,Drone & AI Safety Series,188
청소년 드론지도사 교본,979-11-992502-1-5,2025-04-28,(사)국제경찰무도연합회,드론·AI·안전,Drone & AI Safety Series,189
